"run","allowHealthInsurance","randomSeed","allowHomeOffice"
1,"false",221006764,"true"
3,"false",221082973,"true"
5,"false",221138545,"true"
7,"false",221194607,"true"
9,"false",221248486,"true"
11,"false",221305755,"true"
13,"false",221360547,"true"
15,"false",221417431,"true"
17,"false",221480199,"true"
19,"false",221538630,"true"
21,"false",221597250,"true"
23,"false",221654060,"true"
25,"false",221708869,"true"
27,"false",221764381,"true"
29,"false",221821502,"true"
31,"false",221876278,"true"
33,"false",221931137,"true"
35,"false",221986835,"true"
37,"false",222041394,"true"
39,"false",222096690,"true"
41,"false",222151015,"true"
43,"false",222207527,"true"
45,"false",222264062,"true"
47,"false",222320303,"true"
49,"false",222376264,"true"
51,"false",222431185,"true"
53,"false",222486226,"true"
55,"false",222542373,"true"
57,"false",222598654,"true"
59,"false",222654206,"true"
61,"false",222712802,"true"
63,"false",222772643,"true"
65,"false",222829433,"true"
67,"false",222882452,"true"
69,"false",222942836,"true"
71,"false",223000897,"true"
73,"false",223059607,"true"
75,"false",223113696,"true"
77,"false",223168815,"true"
79,"false",223226286,"true"
81,"false",223284578,"true"
83,"false",223339449,"true"
85,"false",223394491,"true"
87,"false",223449957,"true"
89,"false",223505124,"true"
91,"false",223560791,"true"
93,"false",223618072,"true"
95,"false",223672241,"true"
97,"false",223728536,"true"
99,"false",223784348,"true"
2,"false",221006679,"true"
4,"false",221092537,"true"
6,"false",221148856,"true"
8,"false",221206129,"true"
10,"false",221261006,"true"
12,"false",221317631,"true"
14,"false",221371498,"true"
16,"false",221433104,"true"
18,"false",221494565,"true"
20,"false",221553557,"true"
22,"false",221612787,"true"
24,"false",221668593,"true"
26,"false",221724577,"true"
28,"false",221783170,"true"
30,"false",221837273,"true"
32,"false",221891971,"true"
34,"false",221947245,"true"
36,"false",222003732,"true"
38,"false",222059048,"true"
40,"false",222115057,"true"
42,"false",222170070,"true"
44,"false",222227280,"true"
46,"false",222284841,"true"
48,"false",222340935,"true"
50,"false",222398369,"true"
52,"false",222454017,"true"
54,"false",222510229,"true"
56,"false",222565977,"true"
58,"false",222623255,"true"
60,"false",222683503,"true"
62,"false",222740876,"true"
64,"false",222801367,"true"
66,"false",222854790,"true"
68,"false",222908953,"true"
70,"false",222969681,"true"
72,"false",223031323,"true"
74,"false",223086262,"true"
76,"false",223141937,"true"
78,"false",223198761,"true"
80,"false",223256797,"true"
82,"false",223313625,"true"
84,"false",223369844,"true"
86,"false",223425754,"true"
88,"false",223481717,"true"
90,"false",223538445,"true"
92,"false",223593566,"true"
94,"false",223649526,"true"
96,"false",223706185,"true"
98,"false",223762036,"true"
100,"false",223818306,"true"
